[
    {
        "id": "zhulu_liubei",
        "image": "",
        "edition": "群雄逐鹿",
        "firstNight": 35,
        "firstNightReminder": "告知其选择的三个玩家里是否有三英或者五虎将。",
        "otherNight": 45,
        "otherNightReminder": "告知其选择的三个玩家里是否有三英或者五虎将。",
        "reminders": [],
        "remindersGlobal": [],
        "setup": false,
        "name": "刘备",
        "team": "townsfolk",
        "ability": "每晚可以查验3名玩家，得知其中是否有三英或五虎。\n【三英羁绊】开局时随机一位三英获得技能：免疫一次枭雄的袭击。（此技能在中毒或醉酒时不触发）"
    },
    {
        "id": "zhulu_guanyu",
        "image": "",
        "edition": "群雄逐鹿",
        "firstNight": 0,
        "firstNightReminder": "",
        "otherNight": 0,
        "otherNightReminder": "",
        "reminders": [],
        "remindersGlobal": [],
        "setup": false,
        "name": "关羽",
        "team": "townsfolk",
        "ability": "若你死在夜晚，则公布你死讯时，离你最近的一名逆臣中毒。\n【三英羁绊】开局时随机一位三英获得技能：免疫一次枭雄的袭击。（此技能在中毒或醉酒时不触发）"
    },
    {
        "id": "zhulu_zhangfei",
        "image": "",
        "edition": "群雄逐鹿",
        "firstNight": 0,
        "firstNightReminder": "",
        "otherNight": 15,
        "otherNightReminder": "为其选择的玩家添加负伤标记。",
        "reminders": [],
        "remindersGlobal": [],
        "setup": false,
        "name": "张飞",
        "team": "townsfolk",
        "ability": "*入夜前你可以选择一名存活的玩家，使其负伤 。\n【三英羁绊】开局时随机一位三英获得技能：免疫一次枭雄的袭击。（此技能在中毒或醉酒时不触发）"
    },
    {
        "id": "zhulu_zhaoyun",
        "image": "",
        "edition": "群雄逐鹿",
        "firstNight": 0,
        "firstNightReminder": "",
        "otherNight": 0,
        "otherNightReminder": "",
        "reminders": [],
        "remindersGlobal": [],
        "setup": false,
        "name": "赵云",
        "team": "townsfolk",
        "ability": "你不会死在夜晚。【五虎羁绊】免疫醉酒"
    },
    {
        "id": "zhulu_machao",
        "image": "",
        "edition": "群雄逐鹿",
        "firstNight": 0,
        "firstNightReminder": "",
        "otherNight": 0,
        "otherNightReminder": "",
        "reminders": [],
        "remindersGlobal": [],
        "setup": false,
        "name": "马超",
        "team": "townsfolk",
        "ability": "被你弹劾的玩家票数+1，若其为曹操，票数+2（票数只会在该玩家因弹劾投票被处决时公布）。【五虎羁绊】免疫醉酒"
    },
    {
        "id": "zhulu_huangzhong",
        "image": "",
        "edition": "群雄逐鹿",
        "firstNight": 40,
        "firstNightReminder": "展示一个身份，这个身份为其选择的三个玩家中某个的真实身份。",
        "otherNight": 50,
        "otherNightReminder": "展示一个身份，这个身份为其选择的三个玩家中某个的真实身份。",
        "reminders": [],
        "remindersGlobal": [],
        "setup": false,
        "name": "黄忠",
        "team": "townsfolk",
        "ability": "你的号码通常不会比场上半数的玩家小。每个夜晚你选择号码比你小的三位玩家，你随机获知他们其中一位的身份。【五虎羁绊】免疫醉酒"
    },
    {
        "id": "zhulu_zhugeliang",
        "image": "",
        "edition": "群雄逐鹿",
        "firstNight": 0,
        "firstNightReminder": "",
        "otherNight": 55,
        "otherNightReminder": "告知其是否猜测正确。若发动羁绊技能，则为其添加死亡标记。",
        "reminders": [],
        "remindersGlobal": [],
        "setup": false,
        "name": "诸葛亮",
        "team": "townsfolk",
        "ability": "*每晚可猜测一名玩家的具体身份，如果猜对则下一晚可继续发动，如果猜错则本局无法再使用本技能。（此技能无视伪装效果）（中毒或醉酒时无论猜对与否都会被告知猜错）【卧龙凤雏羁绊】你可以强行使用另一位卧龙凤雏的技能，若如此做，你使用技能后死亡。"
    },
    {
        "id": "zhulu_pangtong",
        "image": "",
        "edition": "群雄逐鹿",
        "firstNight": 45,
        "firstNightReminder": "展示分别属于豪杰、诸侯、邪恶阵营的三个身份，其中一个身份是其选择玩家的真实身份。若发动羁绊技能，则为其添加死亡标记。",
        "otherNight": 60,
        "otherNightReminder": "展示分别属于豪杰、诸侯、邪恶阵营的三个身份，其中一个身份是其选择玩家的真实身份。若发动羁绊技能，则为其添加死亡标记。",
        "reminders": [],
        "remindersGlobal": [],
        "setup": false,
        "name": "庞统",
        "team": "townsfolk",
        "ability": "每晚可选择一名其他玩家，获知三个身份，分别为随机的豪杰、诸侯、邪恶阵营，其中一个是该玩家的真实身份。（中毒或醉酒时三个身份都为假）【卧龙凤雏羁绊】你可以强行使用另一位卧龙凤雏的技能，若如此做，你使用技能后死亡。"
    },
    {
        "id": "zhulu_hanxiandi",
        "image": "",
        "edition": "群雄逐鹿",
        "firstNight": 0,
        "firstNightReminder": "",
        "otherNight": 0,
        "otherNightReminder": "",
        "reminders": [],
        "remindersGlobal": [],
        "setup": false,
        "name": "汉献帝",
        "team": "townsfolk",
        "ability": "第一次被弹劾时，弹劾你的玩家被立即处决（枭雄除外），然后立即进入天黑。【帝后羁绊】若场上有未处于任何负面状态的帝后存活，则善良阵营不会失败。"
    },
    {
        "id": "zhulu_fuhuanghou",
        "image": "",
        "edition": "群雄逐鹿",
        "firstNight": 0,
        "firstNightReminder": "",
        "otherNight": 0,
        "otherNightReminder": "",
        "reminders": [],
        "remindersGlobal": [],
        "setup": false,
        "name": "伏皇后",
        "team": "townsfolk",
        "ability": "若你因弹劾被处决，则你会立即得知对你发起弹劾的是否为邪恶阵营玩家。【帝后羁绊】若场上有未处于任何负面状态的帝后存活，则善良阵营不会失败。"
    },
    {
        "id": "zhulu_huangyueying",
        "image": "",
        "edition": "群雄逐鹿",
        "firstNight": 0,
        "firstNightReminder": "",
        "otherNight": 40,
        "otherNightReminder": "为其选择的玩家添加急智标记，含义是如果目标当晚死亡则其天亮才会失去技能。",
        "reminders": [],
        "remindersGlobal": [],
        "setup": false,
        "name": "黄月英",
        "team": "townsfolk",
        "ability": "*每晚选择一名其他玩家，若其在今晚死亡，则其在天亮时才会失去技能。【佳人羁绊】当登场佳人数量为1时，你被弹劾计票时票数减2。（票数只会在你将要因弹劾投票被处决时公布）"
    },
    {
        "id": "zhulu_diaochan",
        "image": "",
        "edition": "群雄逐鹿",
        "firstNight": 50,
        "firstNightReminder": "告知枭雄离其最近的邪恶玩家的距离与离其第二近的邪恶玩家的距离之和。注意吕布。",
        "otherNight": 0,
        "otherNightReminder": "",
        "reminders": [],
        "remindersGlobal": [],
        "setup": false,
        "name": "貂蝉",
        "team": "townsfolk",
        "ability": "首夜获知离你最近的邪恶玩家的距离与离你第二近的邪恶玩家的距离之和。吕布会被你视为邪恶玩家。（若无法侦测到第二近的邪恶玩家，则与第二近的玩家的距离视为0）。【佳人羁绊】当登场佳人数量为1时，你被弹劾计票时票数减2。（票数只会在你将要因弹劾投票被处决时公布）"
    },
    {
        "id": "zhulu_caiwenji",
        "image": "",
        "edition": "群雄逐鹿",
        "firstNight": 55,
        "firstNightReminder": "告知其场上存在的羁绊种类数量。",
        "otherNight": 0,
        "otherNightReminder": "",
        "reminders": [],
        "remindersGlobal": [],
        "setup": false,
        "name": "蔡文姬",
        "team": "townsfolk",
        "ability": "首夜获知场上存在的羁绊种类数量。（无论羁绊技能是否能够触发）【佳人羁绊】当登场佳人数量为1时，你被弹劾计票时票数减2。（票数只会在你将要因弹劾投票被处决时公布）"
    },
    {
        "id": "zhulu_huatuo",
        "image": "",
        "edition": "群雄逐鹿",
        "firstNight": 0,
        "firstNightReminder": "",
        "otherNight": 5,
        "otherNightReminder": "为其选择的玩家移除死亡标记和所有负面状态标记",
        "reminders": [],
        "remindersGlobal": [],
        "setup": false,
        "name": "华佗",
        "team": "townsfolk",
        "ability": "*当场上至少有三名玩家死亡时，你可在入夜前可复活一名你指定的已死亡玩家，并为其清除所有负面状态，限一次。（第二天才会公布其复活的消息）。【神医羁绊】无视中毒和负伤。"
    },
    {
        "id": "zhulu_zhangzhongjing",
        "image": "",
        "edition": "群雄逐鹿",
        "firstNight": 0,
        "firstNightReminder": "",
        "otherNight": 10,
        "otherNightReminder": "为其选择的玩家添加被治愈标记，含义是目标玩家今晚免疫所有负面状态，且移除已有的所有负面状态标记",
        "reminders": [],
        "remindersGlobal": [],
        "setup": false,
        "name": "张仲景",
        "team": "townsfolk",
        "ability": "*入夜前可选择一名玩家，其在今晚免疫所有负面状态。若该玩家已处于任何负面状态，则还会将其清除。【神医羁绊】无视中毒和负伤。"
    },
    {
        "id": "zhulu_lvbu",
        "image": "",
        "edition": "群雄逐鹿",
        "firstNight": 0,
        "firstNightReminder": "",
        "otherNight": 0,
        "otherNightReminder": "",
        "reminders": [],
        "remindersGlobal": [],
        "setup": true,
        "name": "吕布",
        "team": "outsider",
        "ability": "你以为你是一个随机的不在场的豪杰，但其实你不是。你可以正常使用该豪杰的技能，但无效，如果是获取信息的技能，则你必定获取错误信息。由于你实际上没有技能，所以中毒、负伤、醉酒对你无效。"
    },
    {
        "id": "zhulu_liubiao",
        "image": "",
        "edition": "群雄逐鹿",
        "firstNight": 0,
        "firstNightReminder": "",
        "otherNight": 0,
        "otherNightReminder": "",
        "reminders": [],
        "remindersGlobal": [],
        "setup": false,
        "name": "刘表",
        "team": "outsider",
        "ability": "你伪装为一名随机的不在场的邪恶阵营。（你不会被视为袁绍）"
    },
    {
        "id": "zhulu_yuanshu",
        "image": "",
        "edition": "群雄逐鹿",
        "firstNight": 0,
        "firstNightReminder": "",
        "otherNight": 0,
        "otherNightReminder": "",
        "reminders": [],
        "remindersGlobal": [],
        "setup": false,
        "name": "袁术",
        "team": "outsider",
        "ability": "你第一或第二个死亡时，你公开选择一名存活的玩家，若其不是刘姓身份（刘备，刘表，汉献帝刘协）或伏皇后，你所属阵营失败。（若没有上述角色登场，袁术不会登场）"
    },
    {
        "id": "zhulu_gongsunzan",
        "image": "",
        "edition": "群雄逐鹿",
        "firstNight": 0,
        "firstNightReminder": "",
        "otherNight": 0,
        "otherNightReminder": "",
        "reminders": [],
        "remindersGlobal": [],
        "setup": false,
        "name": "公孙瓒",
        "team": "outsider",
        "ability": "你死亡时，一名随机的处于存活状态的三英或五虎先中毒后死亡。"
    },
    {
        "id": "zhulu_zhouyu",
        "image": "",
        "edition": "群雄逐鹿",
        "firstNight": 15,
        "firstNightReminder": "为其选择的两名玩家添加被反间标记，含义是若目标玩家被处决，则一名随机的豪杰随之死亡。",
        "otherNight": 25,
        "otherNightReminder": "为其选择的两名玩家添加被反间标记，含义是若目标玩家被处决，则一名随机的豪杰随之死亡。",
        "reminders": [],
        "remindersGlobal": [],
        "setup": false,
        "name": "周瑜",
        "team": "minion",
        "ability": "每晚选择两名玩家，若其中有玩家明天被处决，则一名随机的豪杰随之死亡。此技能在存活人数≤4时无法使用。 "
    },
    {
        "id": "zhulu_jiaxu",
        "image": "",
        "edition": "群雄逐鹿",
        "firstNight": 20,
        "firstNightReminder": "为其选择的玩家添加中毒标记。",
        "otherNight": 30,
        "otherNightReminder": "为其选择的玩家添加中毒标记。",
        "reminders": [],
        "remindersGlobal": [],
        "setup": false,
        "name": "贾诩",
        "team": "minion",
        "ability": "每晚选择一名玩家，使其中毒，你变更目标或你技能无法正常发动时解除。 "
    },
    {
        "id": "zhulu_dianwei",
        "image": "",
        "edition": "群雄逐鹿",
        "firstNight": 0,
        "firstNightReminder": "",
        "otherNight": 20,
        "otherNightReminder": "为其或其选择的玩家添加死亡标记",
        "reminders": [],
        "remindersGlobal": [],
        "setup": false,
        "name": "典韦",
        "team": "minion",
        "ability": "*每晚可以选择一名玩家，如果该玩家是五虎或诸侯，则你死亡，否则其死亡。此技能在存活人数≤4时无法使用。"
    },
    {
        "id": "zhulu_zhenfu",
        "image": "",
        "edition": "群雄逐鹿",
        "firstNight": 25,
        "firstNightReminder": "为其添加伪装标记，伪装为随机的不在场的佳人",
        "otherNight": 0,
        "otherNightReminder": "",
        "reminders": [],
        "remindersGlobal": [],
        "setup": false,
        "name": "甄宓",
        "team": "minion",
        "ability": "你伪装为随机不在场的佳人。非曹操的枭雄死亡时，你失去原身份技能，变为隐藏枭雄：曹丕"
    },
    {
        "id": "zhulu_caopi",
        "image": "",
        "edition": "群雄逐鹿",
        "firstNight": 0,
        "firstNightReminder": "",
        "otherNight": 35,
        "otherNightReminder": "为被其杀死的玩家添加死亡标记。曹丕杀死逆臣时，为其添加获得其技能的标记。",
        "reminders": [],
        "remindersGlobal": [],
        "setup": true,
        "name": "曹丕",
        "team": "demon",
        "ability": "*每晚可出一刀。*若有逆臣被你杀死，你获得该逆臣的技能，且你当晚可以再出一刀。"
    },
    {
        "id": "zhulu_caocao",
        "image": "",
        "edition": "群雄逐鹿",
        "firstNight": 0,
        "firstNightReminder": "",
        "otherNight": 35,
        "otherNightReminder": "为被其杀死的玩家添加死亡标记。",
        "reminders": [],
        "remindersGlobal": [],
        "setup": false,
        "name": "曹操",
        "team": "demon",
        "ability": "诸侯+1。死亡时，随机一名逆臣失去技能变为新曹操。*每天晚上出一刀。典韦存活时，新曹操保留原逆臣技能。"
    },
    {
        "id": "zhulu_sunce",
        "image": "",
        "edition": "群雄逐鹿",
        "firstNight": 0,
        "firstNightReminder": "",
        "otherNight": 35,
        "otherNightReminder": "为被其杀死的玩家添加死亡标记，注意额外击杀。若被其杀死的玩家中有两名羁绊相同的豪杰，则为其添加中毒标记。",
        "reminders": [],
        "remindersGlobal": [],
        "setup": false,
        "name": "孙策",
        "team": "demon",
        "ability": "诸侯-1。*每天晚上出两刀。当被你杀死的玩家中存在两名相同羁绊的豪杰时，你中毒。周瑜存活时，中毒改为醉酒。"
    },
    {
        "id": "zhulu_dongzhuo",
        "image": "",
        "edition": "群雄逐鹿",
        "firstNight": 0,
        "firstNightReminder": "",
        "otherNight": 35,
        "otherNightReminder": "为被其杀死的玩家添加死亡标记，为与目标距离最近的豪杰添加醉酒标记（无论是否存活），注意次近的豪杰是否醉酒。",
        "reminders": [],
        "remindersGlobal": [],
        "setup": false,
        "name": "董卓",
        "team": "demon",
        "ability": "*每天晚上出一刀，与目标玩家距离最近的1名豪杰醉酒（无论其是否存活）。贾诩存活时，与目标玩家距离次近的豪杰也醉酒。"
    },
    {
        "id": "zhulu_yuanshao",
        "image": "",
        "edition": "群雄逐鹿",
        "firstNight": 30,
        "firstNightReminder": "为其添加伪装标记，伪装为其选择的枭雄眼里的豪杰",
        "otherNight": 35,
        "otherNightReminder": "为被其杀死的玩家添加死亡标记。",
        "reminders": [],
        "remindersGlobal": [],
        "setup": false,
        "name": "董卓",
        "team": "demon",
        "ability": "枭雄眼+2。你伪装为一名枭雄眼里的你指定的身份。*每天晚上可出一刀。甄宓存活时，你可以使用该身份的技能，但你不能使用其羁绊技能。"
    }
]